chemID	l_mean	m_mean	h_mean	monotonic_status
TAG48:4FA18:2	2.411959210526316	1.8705829268292682	1.4533454545454545	down
TAG48:4FA12:0	1.4394263157894738	1.028060975609756	0.8284272727272727	down
TAG36:0FA12:0	0.6713230263157894	0.3503280487804878	0.0795	down
TAG40:0FA12:0	0.9150302631578947	0.4424170731707317	0.32754545454545453	down
FFA(17:0)	100.44311315789474	167.71563902439024	221.18474545454544	up
TAG38:0FA12:0	0.5234171052631579	0.35702682926829266	0.13970909090909092	down
TAG42:2FA18:2	0.5157513157894736	0.36237560975609756	0.278	down
TAG44:1FA14:1	0.14896973684210527	0.18423658536585366	0.24825454545454545	up
