chemID	l_mean	m_mean	h_mean	monotonic_status	pval	endpoint_log2fc
100001987	2.4149565789473684	1.6999926829268293	1.0366	down	0.0165	1.220137950722501
100001806	1.8354934210526315	1.3640219512195122	0.8895	down	0.0398	1.0451014327990165
100020536	2.0250105263157896	1.4883219512195123	1.029490909090909	down	0.0098	0.9759983170447915
100001757	4.186684210526316	2.6648731707317075	1.5503545454545455	down	0.0558	1.4332099254817279
100001121	2.16445	4.760212195121952	6.402263636363636	up	0.0635	1.5645816124169865
100009246	1.5280657894736842	1.110590243902439	0.7667272727272727	down	0.0112	0.994921255645337
100021363	16.484042105263157	6.938575609756097	2.5765727272727275	down	0.2685	2.6775448336084273
